shavondamichlin@outlook.com:Shavonda:Michlin
ZolaLicklider3@outlook.com:Zola:Licklider
MariannMontoro833@outlook.com:Mariann:Montoro
sherissenottingham@outlook.com:Sherisse:Nottingham
JaynaFarnan0@outlook.com:Jayna:Farnan
JervisVietzke7@outlook.com:Jervis:Vietzke
alvertaadil@outlook.com:Alverta:Adil
CoraDub26@outlook.com:Cora:Dub
JeffersonPizzino544@outlook.com:Jefferson:Pizzino
chantelcashmer@outlook.com:Chantel:Cashmer
TraciSapnu@outlook.com:Traci:Sapnu
BeliaKurant@outlook.com:Belia:Kurant
tonishapyfrom@outlook.com:Tonisha:Pyfrom
SaraKrolick106@outlook.com:Sara:Krolick
KandyPhilbrick3@outlook.com:Kandy:Philbrick
katricerouzzo@outlook.com:Katrice:Rouzzo
LavetaWiebusch11@outlook.com:Laveta:Wiebusch
BulaBanos@outlook.com:Bula:Banos
otismiramontez@outlook.com:Otis:Miramontez
CharleyLooker5@outlook.com:Charley:Looker
RoseleeKockler@outlook.com:Roselee:Kockler
maryjogiacomelli@outlook.com:Maryjo:Giacomelli
AmericaLauri128@outlook.com:America:Lauri
MyrleAltiery18@outlook.com:Myrle:Altiery
tildaspinelli@outlook.com:Tilda:Spinelli
RobbiTertinek6@outlook.com:Robbi:Tertinek
EdisonNed344@outlook.com:Edison:Ned
eliciasagastegui@outlook.com:Elicia:Sagastegui
KylerBultema167@outlook.com:Kyler:Bultema
EpifaniaLupold437@outlook.com:Epifania:Lupold
mariellemick@outlook.com:Mariel:Lemick
BusterDankert11@outlook.com:Buster:Dankert
KasandraPaoletti61@outlook.com:Kasandra:Paoletti
anjanetterena@outlook.com:Anjanette:Rena
ShelaghGarth53@outlook.com:Shelagh:Garth
CliftonGrossenbacher@outlook.com:Clifton:Grossenbacher
melvillezuck@outlook.com:Melville:Zuck
AlizaGuieb0@outlook.com:Aliza:Guieb
MaggieOlguin@outlook.com:Maggie:Olguin
adelaidetesreau@outlook.com:Adelaide:Tesreau
BaldricShryack3@outlook.com:Baldric:Shryack
MelinaWolhok330@outlook.com:Melina:Wolhok
chingbassin@outlook.com:Ching:Bassin
KorinaEtherington@outlook.com:Korina:Etherington
ChrysantaLanzi275@outlook.com:Chrysanta:Lanzi
collinleft@outlook.com:Collin:Left
DesdemonaVanderberg@outlook.com:Desdemona:Vanderberg
CaterinaParedes44@outlook.com:Caterina:Paredes
maragretcastellano@outlook.com:Maragret:Castellano
JennieRule@outlook.com:Jennie:Rule
ShawndaMolter1@outlook.com:Shawnda:Molter
bryannaramjan@outlook.com:Bryanna:Ramjan
DoriNockels2@outlook.com:Dori:Nockels
AnnieMaxin18@outlook.com:Annie:Maxin
georgiahiganeda@outlook.com:Georgia:Higaneda
AdenMerced278@outlook.com:Aden:Merced
JessikaContinenza280@outlook.com:Jessika:Continenza
lidimond@outlook.com:Li:Dimond
CariAcquilla@outlook.com:Cari:Acquilla
AnnemarieTreadwell76@outlook.com:Annemarie:Treadwell
joanncattano@outlook.com:Joann:Cattano
AlfWerring658@outlook.com:Alf:Werring
HadynBarre2@outlook.com:Hadyn:Barre
garnettegigantino@outlook.com:Garnette:Gigantino
LakishaSlinsky0@outlook.com:Lakisha:Slinsky
MichalBalderas53@outlook.com:Michal:Balderas
dulcedonathan@outlook.com:Dulce:Donathan
JodeeMartignago@outlook.com:Jodee:Martignago
BertramParzych247@outlook.com:Bertram:Parzych
michelebembry@outlook.com:Michele:Bembry
SilvesterShusta72@outlook.com:Silvester:Shusta
EbonieLoe@outlook.com:Ebonie:Loe
nettiemusguire@outlook.com:Nettie:Musguire
MiracleSlavens06@outlook.com:Miracle:Slavens
KaitlynnBlasi784@outlook.com:Kaitlynn:Blasi
ellamaeabato@outlook.com:Ellamae:Abato
EugenaNewnum@outlook.com:Eugena:Newnum
BreannQuaife8@outlook.com:Breann:Quaife
mignondominque@outlook.com:Mignon:Dominque
BrennaAlthoff14@outlook.com:Brenna:Althoff
CornellPhilps707@outlook.com:Cornell:Philps
floydrohlfing@outlook.com:Floyd:Rohlfing
SorayaUtsey@outlook.com:Soraya:Utsey
LatriciaSchachsieck0@outlook.com:Latricia:Schachsieck
tabathapimple@outlook.com:Tabatha:Pimple
KristelVandall13@outlook.com:Kristel:Vandall
ConchitaAkinyooye6@outlook.com:Conchita:Akinyooye
alysecluckey@outlook.com:Alyse:Cluckey
LexiaVandawalker2@outlook.com:Lexia:Vandawalker
GlynisIyo6@outlook.com:Glynis:Iyo
jungfuhrmann@outlook.com:Jung:Fuhrmann
ClarettaKjellman500@outlook.com:Claretta:Kjellman
KathryneHildreth310@outlook.com:Kathryne:Hildreth
elvinbergesen@outlook.com:Elvin:Bergesen
CotyDebutts@outlook.com:Coty:Debutts
AnemoneRauf27@outlook.com:Anemone:Rauf
elizebethhanchett@outlook.com:Elizebeth:Hanchett
AmiSturrup751@outlook.com:Ami:Sturrup
EvanMcmurdo57@outlook.com:Evan:Mcmurdo
addisonteman@outlook.com:Addison:Teman
SonnyLoparo@outlook.com:Sonny:Loparo
FerdyLegleu16@outlook.com:Ferdy:Legleu
broadwater_natalio236@outlook.com:Broadwater:Natalio
dietz_bollig683@outlook.com:Dietz:Bollig
burkeskumar754@outlook.com:Burkes:Kumar
goins-haniya928@outlook.com:Goins:Haniya
borsethmero78@outlook.com:Borseth:Mero
fabio-beall753@outlook.com:Fabio:Beall
oramas_crist337@outlook.com:Oramas:Crist
lusky-toliver385@outlook.com:Lusky:Toliver
malisaloralee863@outlook.com:Malisa:Loralee
clero-hutter370@outlook.com:Clero:Hutter
martalitschalgie123@outlook.com:Martalitsch:Algie
derric_simon843@outlook.com:Derric:Simon
musser-tihomir312@outlook.com:Musser:Tihomir
pomictercargile702@outlook.com:Pomicter:Cargile
makionkanaris965@outlook.com:Makion:Kanaris
colaizzo_mcclamb481@outlook.com:Colaizzo:Mcclamb
martinez-santana-anabelle178@outlook.com:Martinez-Santana:Anabelle
gabryszek-issa550@outlook.com:Gabryszek:Issa
thorajesperson142@outlook.com:Thora:Jesperson
armitage_schlude458@outlook.com:Armitage:Schlude
schmittrenner221@outlook.com:Schmitt:Renner
sweateoff147@outlook.com:Sweat:Eoff
idalia-birce384@outlook.com:Idalia:Birce
diffenderffertrudo289@outlook.com:Diffenderffer:Trudo
jeramie-stauffer405@outlook.com:Jeramie:Stauffer
lemieux-joglar763@outlook.com:Lemieux:Joglar
burnettpaz637@outlook.com:Burnett:Paz
hiba_gault622@outlook.com:Hiba:Gault
pickle-tomlin264@outlook.com:Pickle:Tomlin
way-lourie190@outlook.com:Way:Lourie
hahn_hashim277@outlook.com:Hahn:Hashim
panicodominica332@outlook.com:Panico:Dominica
noelle_danielius733@outlook.com:Noelle:Danielius
deutschsecundino346@outlook.com:Deutsch:Secundino
perz_hartness903@outlook.com:Perz:Hartness
barnaby-klingbeil716@outlook.com:Barnaby:Klingbeil
stanley-giglio469@outlook.com:Stanley:Giglio
scottie-hants65@outlook.com:Scottie:Hants
bracytong860@outlook.com:Bracy:Tong
hucks_smallwood230@outlook.com:Hucks:Smallwood
davison-emilo996@outlook.com:Davison:Emilo
evangelista-roehm88@outlook.com:Evangelista:Roehm
kohler_mierop965@outlook.com:Kohler:Mierop
jax_lazaro152@outlook.com:Jax:Lazaro
ferranteoneal240@outlook.com:Ferrante:Oneal
birkesfeather125@outlook.com:Birkes:Feather
autumncorrine966@outlook.com:Autumn:Corrine
springer-dicky728@outlook.com:Springer:Dicky
malvinarestrepo372@outlook.com:Malvina:Restrepo
rotelli-robbi225@outlook.com:Rotelli:Robbi
soo_fermin835@outlook.com:Soo:Fermin
merchan-cammy535@outlook.com:Merchan:Cammy
slackdaphne631@outlook.com:Slack:Daphne
whipplecarlow342@outlook.com:Whipple:Carlow
jahn_pamela41@outlook.com:Jahn:Pamela
puryearanas280@outlook.com:Puryear:Anas
pedraza-hernandez_charleen533@outlook.com:Pedraza-Hernandez:Charleen
halleran-purtell938@outlook.com:Halleran:Purtell
riddell-pye156@outlook.com:Riddell:Pye
draft-argel925@outlook.com:Draft:Argel
popjes-tasha243@outlook.com:Popjes:Tasha
maroske_floretta158@outlook.com:Maroske:Floretta
kugler-brash6@outlook.com:Kugler:Brash
hernandezlorenz208@outlook.com:Hernandez:Lorenz
verdicpilier-robles132@outlook.com:Verdic:Pilier-Robles
maxwell-peguero799@outlook.com:Maxwell:Peguero
mccord-danhires721@outlook.com:Mccord:Danhires
focht-killmeyer456@outlook.com:Focht:Killmeyer
katrice-matha744@outlook.com:Katrice:Matha
beisly-reis249@outlook.com:Beisly:Reis
fady_felle786@outlook.com:Fady:Felle
agapito_nathanael783@outlook.com:Agapito:Nathanael
corp_ruplejr486@outlook.com:Corp:Ruplejr
claytonoziah214@outlook.com:Clayton:Oziah
chauminko18@outlook.com:Chau:Minko
castro-flores_lonnay712@outlook.com:Castro-Flores:Lonnay
bilesoneal140@outlook.com:Biles:Oneal
granatamolina262@outlook.com:Granata:Molina
hughie-correa673@outlook.com:Hughie:Correa
giametta_tessie751@outlook.com:Giametta:Tessie
maldonadoiisturgill946@outlook.com:Maldonadoii:Sturgill
jaberi_bertran318@outlook.com:Jaberi:Bertran
ara_chavis887@outlook.com:Ara:Chavis
dickeyamani974@outlook.com:Dickey:Amani
ledeacurtin546@outlook.com:Ledea:Curtin
ruquet_jendras239@outlook.com:Ruquet:Jendras
franciszek_roakes272@outlook.com:Franciszek:Roakes
rallsleonel676@outlook.com:Ralls:Leonel
maryjo-brissette861@outlook.com:Maryjo:Brissette
lurieortoneda-solorzano302@outlook.com:Lurie:Ortoneda-Solorzano
elizeo-guyton287@outlook.com:Elizeo:Guyton
chiu_deutsch988@outlook.com:Chiu:Deutsch
reb-crouchsr284@outlook.com:Reb:Crouchsr
jeread-cirota422@outlook.com:Jeread:Cirota
bennet_ming809@outlook.com:Bennet:Ming
aday_rodil808@outlook.com:Aday:Rodil
lolmaugh-leissner504@outlook.com:Lolmaugh:Leissner
stiles-seandale179@outlook.com:Stiles:Seandale
eberhardt_nico938@outlook.com:Eberhardt:Nico
corbin_whitten798@outlook.com:Corbin:Whitten
backesfeliciano-alcala139@outlook.com:Backes:Feliciano-Alcala
dufresne_durtche587@outlook.com:Dufresne:Durtche
amparo_sanchezraymundo561@outlook.com:Amparo:Sanchezraymundo
owen_lazzell120@outlook.com:Owen:Lazzell
frost_dominick207@outlook.com:Frost:Dominick
mckenzie-rakad767@outlook.com:Mckenzie:Rakad
olgerkeister473@outlook.com:Olger:Keister
gore_cutaio276@outlook.com:Gore:Cutaio
kile-polito645@outlook.com:Kile:Polito
janae-nannie1@outlook.com:Janae:Nannie
dingess_czupka484@outlook.com:Dingess:Czupka
Alexandria3623Baker94830@outlook.com:Alexandria:Baker
Henry5562Lamb09052@outlook.com:Henry:Lamb
Kerry4375Jacobson31847@outlook.com:Kerry:Jacobson
Louis2234Thomason17878@outlook.com:Louis:Thomason
Thomas2849Cantrell82468@outlook.com:Thomas:Cantrell
Jacquelin1246Dix11986@outlook.com:Jacquelin:Dix
Mike7504Kocher60653@outlook.com:Mike:Kocher
Juanita0349Long92844@outlook.com:Juanita:Long
antolik.lorie85@outlook.com:Lorie:Antolik
lynwoodcassaro98@outlook.com:Lynwood:Cassaro
Colin.Kordish@outlook.com:Colin:Kordish
Langseth-Verlene@outlook.com:Verlene:Langseth
jamal.theisen@outlook.com:Jamal:Theisen
grosskopf.samuel02@outlook.com:Samuel:Grosskopf
balitas.samual@outlook.com:Samual:Balitas
Thom_Hiedi@outlook.com:Hiedi:Thom
ursua-ricky@outlook.com:Ricky:Ursua
Russel.Bendix86@outlook.com:Russel:Bendix
Nicky.Vecchione@outlook.com:Nicky:Vecchione
RosaleeBeen90@outlook.com:Rosalee:Been
Neslusan-Devon@outlook.com:Devon:Neslusan
Trey.Loskot92@outlook.com:Trey:Loskot
NickolasBlackbird@outlook.com:Nickolas:Blackbird
gwendolyn_blackstar96@outlook.com:Gwendolyn:Blackstar
ibara_stuart92@outlook.com:Stuart:Ibara
dunnavant_steve76@outlook.com:Steve:Dunnavant
KristieBoynes00@outlook.com:Kristie:Boynes
CurtisRaimondi85@outlook.com:Curtis:Raimondi
racko-minh@outlook.com:Minh:Racko
aubrey.goodlin02@outlook.com:Aubrey:Goodlin
PennistonDick@outlook.com:Dick:Penniston
haymes-kurtis@outlook.com:Kurtis:Haymes
furton_quinton@outlook.com:Quinton:Furton
bleakley-brendan@outlook.com:Brendan:Bleakley
RideauxRenea00@outlook.com:Renea:Rideaux
Schoenthal-Joe@outlook.com:Joe:Schoenthal
trevinodavis91@outlook.com:Davis:Trevino
Grado_Lorette92@outlook.com:Lorette:Grado
grazioplene-ezekiel96@outlook.com:Ezekiel:Grazioplene
mitchell.plough@outlook.com:Mitchell:Plough
Eiler-Franklin@outlook.com:Franklin:Eiler
MerrieMartillo@outlook.com:Merrie:Martillo
Clodfelter.Keira@outlook.com:Keira:Clodfelter
scharlernicol02@outlook.com:Nicol:Scharler
shayne.granderson90@outlook.com:Shayne:Granderson
yurigertz@outlook.com:Yuri:Gertz
Cortney.Macnaught92@outlook.com:Cortney:Macnaught
Sidney.Mirkovich@outlook.com:Sidney:Mirkovich
Adah-Hidrogo94@outlook.com:Adah:Hidrogo
freeman-lafoe@outlook.com:Freeman:Lafoe
thackston-noah78@outlook.com:Noah:Thackston
barkalowgabriela@outlook.com:Gabriela:Barkalow
benke_mirta90@outlook.com:Mirta:Benke
nickoleyholly@outlook.com:Holly:Nickoley
CryarVincent97@outlook.com:Vincent:Cryar
MarlettBuck@outlook.com:Buck:Marlett
horniak.tammara@outlook.com:Tammara:Horniak
SerasioPhillip@outlook.com:Phillip:Serasio
Mcconnico-Cristen@outlook.com:Cristen:Mcconnico
zack.bamford79@outlook.com:Zack:Bamford
salatino.margareta@outlook.com:Margareta:Salatino
naidaheart@outlook.com:Naida:Heart
luigi_fini@outlook.com:Luigi:Fini
kacher_alma@outlook.com:Alma:Kacher
Joella-Mensik82@outlook.com:Joella:Mensik
Cray_Nicolette88@outlook.com:Nicolette:Cray
pelphrey.elfrieda@outlook.com:Elfrieda:Pelphrey
wilson-virgil@outlook.com:Wilson:Virgil
Autumn-Aronhalt@outlook.com:Autumn:Aronhalt
Gavin_Funston92@outlook.com:Gavin:Funston
Morton_Shorr96@outlook.com:Morton:Shorr
peter_juengling93@outlook.com:Peter:Juengling
humenikgilbert98@outlook.com:Gilbert:Humenik
harlan_lafkas@outlook.com:Harlan:Lafkas
RonnieMilnor@outlook.com:Ronnie:Milnor
TylerGoertzen94@outlook.com:Tyler:Goertzen
Ragula_Li@outlook.com:Li:Ragula
helmkamp.kent@outlook.com:Kent:Helmkamp
nowicki.arlie@outlook.com:Arlie:Nowicki
AlOrlof@outlook.com:Al:Orlof
Tollefson-Lorenza@outlook.com:Lorenza:Tollefson
art-roig91@outlook.com:Art:Roig
salvador_monier@outlook.com:Salvador:Monier
don_liuzzi@outlook.com:Don:Liuzzi
Russow-Marcel99@outlook.com:Marcel:Russow
ReedPascarelli90@outlook.com:Reed:Pascarelli
Wei-Coomey@outlook.com:Wei:Coomey
Loyce_Youkhana@outlook.com:Loyce:Youkhana
milsap_issac@outlook.com:Issac:Milsap
Inez.Kalkwarf@outlook.com:Inez:Kalkwarf
Emily-Poulson@outlook.com:Emily:Poulson
RoxanaDevis99@outlook.com:Roxana:Devis
Rosazza_Ulrike78@outlook.com:Ulrike:Rosazza
Alligood-Anthony79@outlook.com:Anthony:Alligood
eboni-stotz91@outlook.com:Eboni:Stotz
larickdenny@outlook.com:Denny:Larick
Danial_Strycker@outlook.com:Danial:Strycker
Bondy_Garth93@outlook.com:Garth:Bondy
rodger.abascal@outlook.com:Rodger:Abascal
weyandt.marilou@outlook.com:Marilou:Weyandt
bennett_raeder@outlook.com:Bennett:Raeder
carletta-steenrod93@outlook.com:Carletta:Steenrod
Haggarty_Hilario@outlook.com:Hilario:Haggarty
Jami-Stachura00@outlook.com:Jami:Stachura
frederick.maiorano91@outlook.com:Frederick:Maiorano
Mccuien-Melinda95@outlook.com:Melinda:Mccuien
rothbauer_cruz@hotmail.com:Cruz:Rothbauer
patpassley83@outlook.com:Pat:Passley
macentee-lawrence@outlook.com:Lawrence:Macentee
IsaiahCouzens@hotmail.com:Isaiah:Couzens
DeluneyMatilde@outlook.com:Matilde:Deluney
rodney-schnuerer@outlook.com:Rodney:Schnuerer
galeoneida@outlook.com:Oneida:Gale
Israel-Ellzey01@outlook.com:Israel:Ellzey
Kirakosyan_Freeda95@outlook.com:Freeda:Kirakosyan
Swait.Miesha@outlook.com:Miesha:Swait
harmony.eskelsen@outlook.com:Harmony:Eskelsen
GarrahanBrande80@hotmail.com:Brande:Garrahan
Smeltz_Jessie@hotmail.com:Jessie:Smeltz
Arlette-Crippin@outlook.com:Arlette:Crippin
Santos-Broschinsky@outlook.com:Santos:Broschinsky
maretti-angella@outlook.com:Angella:Maretti
Enlow-Ira90@outlook.com:Ira:Enlow
gorczynski.lanora@outlook.com:Lanora:Gorczynski
Jenny-Earl01@hotmail.com:Earl:Jenny
Lesley.Burress99@outlook.com:Lesley:Burress
Reining_Leonel99@outlook.com:Leonel:Reining
marc-ramesar96@outlook.com:Marc:Ramesar
gravitorosaura@outlook.com:Rosaura:Gravito
williamwigand@outlook.com:William:Wigand
Titus.Ellers@outlook.com:Titus:Ellers
Towber.Warner02@hotmail.com:Warner:Towber
hoppel_hai@outlook.com:Hai:Hoppel
Kenton.Tanori@outlook.com:Kenton:Tanori
Zachery_Maulin91@outlook.com:Zachery:Maulin
riffe.inga@outlook.com:Inga:Riffe
Demeglio_August@hotmail.com:August:Demeglio
Jimmie-Berkman93@hotmail.com:Jimmie:Berkman
evon_kyhn@outlook.com:Evon:Kyhn
kendallivers02@outlook.com:Kendal:Livers
Rob-Bultron@outlook.com:Rob:Bultron
Lueckenbach.Jim@outlook.com:Jim:Lueckenbach
Lael-Lehr92@outlook.com:Lael:Lehr
lovebonnick@outlook.com:Love:Bonnick
UgoliniNichole@outlook.com:Nichole:Ugolini
hugh.garbe@outlook.com:Hugh:Garbe
Simoniello-Ossie97@hotmail.com:Ossie:Simoniello
Sol.Sturman@outlook.com:Sol:Sturman
forest-tietjens@outlook.com:Forest:Tietjens
fowlelavinia95@outlook.com:Lavinia:Fowle
Annamaria-Patella@outlook.com:Annamaria:Patella
tyesha_knippel@outlook.com:Tyesha:Knippel
Raymon-Waldenberg95@outlook.com:Raymon:Waldenberg
Krisman.Xavier95@outlook.com:Xavier:Krisman
sheryllpiel83@outlook.com:Sheryll:Piel
breuertanesha85@outlook.com:Tanesha:Breuer
parduhn.moses98@outlook.com:Moses:Parduhn
Kent_Fleschner@outlook.com:Kent:Fleschner
Fortna-Pat@outlook.com:Pat:Fortna
gascotrobyn@outlook.com:Robyn:Gascot
Bilotta-Thad@outlook.com:Thad:Bilotta
greenman.bruno@outlook.com:Bruno:Greenman
gervasi-hershel90@outlook.com:Hershel:Gervasi
DasovichCleo98@hotmail.com:Cleo:Dasovich
PapaleMickey@outlook.com:Mickey:Papale
Campoli.Mac@hotmail.com:Mac:Campoli
lawsky-frances@outlook.com:Frances:Lawsky
dalponte.edith@outlook.com:Edith:Dalponte
shawntamembers01@outlook.com:Shawnta:Members
matthys.stacey@hotmail.com:Stacey:Matthys
deandrehenderson@hotmail.com:Deandre:Henderson
leslie-schneidtmille@outlook.com:Leslie:Schneidtmille
wickell-cristy97@outlook.com:Cristy:Wickell
kaemmerer-nisha01@outlook.com:Nisha:Kaemmerer
bastonestephanie99@outlook.com:Stephanie:Bastone
Mcfeely_Ben@outlook.com:Ben:Mcfeely
gema.binner02@outlook.com:Gema:Binner
karell.kandis@hotmail.com:Kandis:Karell
colby_curby@outlook.com:Colby:Curby
Tuan_Rian@outlook.com:Tuan:Rian
bliek_twanna@outlook.com:Twanna:Bliek
willhornyak@outlook.com:Will:Hornyak
palmabarsuhn@outlook.com:Palma:Barsuhn
ivorygatica@outlook.com:Ivory:Gatica
orlando.sterk93@outlook.com:Orlando:Sterk
kieth_condon@outlook.com:Kieth:Condon
Williams.Shepperd@hotmail.com:Williams:Shepperd
antonette-furrer@outlook.com:Antonette:Furrer
ivory-reames@hotmail.com:Ivory:Reames
jastrzebskibrice@outlook.com:Brice:Jastrzebski
kugel.jonathon@outlook.com:Jonathon:Kugel
DorcasBrinkhaus97@outlook.com:Dorcas:Brinkhaus
hoyt-scutt@hotmail.com:Hoyt:Scutt
Harvey_Fusch78@hotmail.com:Harvey:Fusch
Jolynn_Stater02@outlook.com:Jolynn:Stater
tammeraperkiss@outlook.com:Tammera:Perkiss
Neomi-Cercone91@outlook.com:Neomi:Cercone
Abdelhamid-Seth@outlook.com:Seth:Abdelhamid
issac.bellamy@hotmail.com:Issac:Bellamy
fleak_ricarda@hotmail.com:Ricarda:Fleak
reuterbradly95@outlook.com:Bradly:Reuter
bouer-sabine@outlook.com:Sabine:Bouer
marcosrough@outlook.com:Marcos:Rough
Reuven.Candelaria99@outlook.com:Candelaria:Reuven
skoczen-claire95@outlook.com:Claire:Skoczen
camelia.kinnare94@outlook.com:Camelia:Kinnare
Maryland-Oedekerk@hotmail.com:Maryland:Oedekerk
Tierce.Ladawn92@outlook.com:Ladawn:Tierce
OrzelSpencer89@outlook.com:Spencer:Orzel
Jerrod-Vafiadis95@outlook.com:Jerrod:Vafiadis
waring-leon94@outlook.com:Leon:Waring
tsuchida-wilfredo90@outlook.com:Wilfredo:Tsuchida
carmelo_rasul97@outlook.com:Carmelo:Rasul
amicobebe03@outlook.com:Bebe:Amico
Willard-Adamsonis02@outlook.com:Willard:Adamsonis
Arizzi_Emmett@outlook.com:Emmett:Arizzi
archdale.berta91@outlook.com:Berta:Archdale
daughtrey.edward@outlook.com:Edward:Daughtrey
Palamara-Darell@outlook.com:Darell:Palamara
MarlenCiers@outlook.com:Marlen:Ciers
Mccraney.Dominique@outlook.com:Dominique:Mccraney
Jonelle-Sciarretta@hotmail.com:Jonelle:Sciarretta
Mctague.Eugenie@outlook.com:Eugenie:Mctague
commings.federico93@outlook.com:Federico:Commings
cedricmeusel99@outlook.com:Cedric:Meusel
riesland.florentino02@outlook.com:Florentino:Riesland
bethurum.gregory@hotmail.com:Gregory:Bethurum
Audra-Bilka@outlook.com:Audra:Bilka
Bendtsen_September@outlook.com:September:Bendtsen
jericajourneay00@hotmail.com:Jerica:Journeay
balcomb-david@hotmail.com:David:Balcomb
omarrakestrow@outlook.com:Omar:Rakestrow
izetta-stores@outlook.com:Izetta:Stores
Willian_Zesati94@outlook.com:Willian:Zesati
Georgann.Maack01@outlook.com:Georgann:Maack
lemuel-clendaniel@hotmail.com:Lemuel:Clendaniel
BurresonLoyce@hotmail.com:Loyce:Burreson
cherylscrobola@hotmail.com:Cheryl:Scrobola
Gus_Krok@outlook.com:Gus:Krok
schorsch_rashad86@hotmail.com:Rashad:Schorsch
bookermaniar92@outlook.com:Booker:Maniar
Dona_Moors95@outlook.com:Dona:Moors
jacobradle@outlook.com:Jacob:Radle
Keathley-Donnette@hotmail.com:Donnette:Keathley
BothnerDarrel@outlook.com:Darrel:Bothner
Mcmillin_Jaye@outlook.com:Jaye:Mcmillin
CorinnaStobb@outlook.com:Corinna:Stobb
forbergilbert90@outlook.com:Gilbert:Forber
Micheal_Kassem@outlook.com:Micheal:Kassem
brandon-aoki@outlook.com:Brandon:Aoki
Wiehe.Janella01@hotmail.com:Janella:Wiehe
alberto-brooks95@outlook.com:Alberto:Brooks
merilosiliana@outlook.com:Iliana:Merilos
Barlak-Mimi@outlook.com:Mimi:Barlak
Rubi-Klitzner@outlook.com:Rubi:Klitzner
Schlussel.Blondell97@outlook.com:Blondell:Schlussel
Terrell-Pugliese@outlook.com:Terrell:Pugliese
lowrimore-alexander@outlook.com:Alexander:Lowrimore
thurman-stadtler93@outlook.com:Thurman:Stadtler
Demian-Sidney@outlook.com:Sidney:Demian
gaynell-matherson90@outlook.com:Gaynell:Matherson
Jannie-Saiz@outlook.com:Jannie:Saiz
Shilleh_Gaston@hotmail.com:Gaston:Shilleh
duncan_bramhall@hotmail.com:Duncan:Bramhall
hatridge.lorinda02@outlook.com:Lorinda:Hatridge
grabinski.sherwood@outlook.com:Sherwood:Grabinski
ivanamiscione@hotmail.com:Ivana:Miscione
stuart_mcglone@outlook.com:Stuart:Mcglone
FerneStemper93@outlook.com:Ferne:Stemper
lasonya_sarcone@outlook.com:Lasonya:Sarcone
Jude_Makinen88@hotmail.com:Jude:Makinen
ConzeAmie@outlook.com:Amie:Conze
switzer.chadwick@outlook.com:Chadwick:Switzer
alesi.stevie@outlook.com:Stevie:Alesi
wendellgassel91@outlook.com:Wendell:Gassel
camilledunkinson@outlook.com:Camille:Dunkinson
Melochick_Kevin90@outlook.com:Kevin:Melochick
KorslundLupita@hotmail.com:Lupita:Korslund
Ruthie.Karle90@outlook.com:Ruthie:Karle
rainone-donny01@outlook.com:Donny:Rainone
ming-sicks98@hotmail.com:Ming:Sicks
ifversen.kitty84@outlook.com:Kitty:Ifversen
braga_kimber@outlook.com:Kimber:Braga
Trosien.Lise@outlook.com:Lise:Trosien
latanya_burghard@hotmail.com:Latanya:Burghard
Aldo_Mckissick@outlook.com:Aldo:Mckissick
Kory-Hank@outlook.com:Kory:Hank
MankinHumberto@outlook.com:Humberto:Mankin
Clusky.Cecelia91@outlook.com:Cecelia:Clusky
GiacchiStephen01@outlook.com:Stephen:Giacchi
Olivia-Esplain@hotmail.com:Olivia:Esplain
celia.crespi79@outlook.com:Celia:Crespi
ahmad-paradee01@outlook.com:Ahmad:Paradee
Mccubrey-Leigh01@outlook.com:Leigh:Mccubrey
lebsock_allan@outlook.com:Allan:Lebsock
nylahoughland95@hotmail.com:Nyla:Houghland
Griselda-Gauntlett93@outlook.com:Griselda:Gauntlett
Florence.Nowinski95@outlook.com:Florence:Nowinski
Beauharnois-Robin@outlook.com:Robin:Beauharnois
charissa-cremer@hotmail.com:Charissa:Cremer
Hamano.Paulita98@outlook.com:Paulita:Hamano
mondoza.antonetta@outlook.com:Antonetta:Mondoza
leo_mostyn@outlook.com:Leo:Mostyn
Dian.Whippie96@outlook.com:Dian:Whippie
vashon-werner@hotmail.com:Werner:Vashon
Latesha.Sitterly01@outlook.com:Latesha:Sitterly
oberfell.bari@outlook.com:Bari:Oberfell
Neomi.Ayre76@hotmail.com:Neomi:Ayre
tawna.valerino97@outlook.com:Tawna:Valerino
Bloomquist.David82@hotmail.com:David:Bloomquist
cutillo-regan@outlook.com:Regan:Cutillo
hernyeuna@outlook.com:Euna:Herny
Desmond.Ballweg@outlook.com:Desmond:Ballweg
Malabey-Jules@hotmail.com:Jules:Malabey
kachmarsky_ira99@outlook.com:Ira:Kachmarsky
Shrimplin_Exie@outlook.com:Exie:Shrimplin
Daniel.Zoller93@outlook.com:Daniel:Zoller
CrosswhiteAlonso@outlook.com:Alonso:Crosswhite
Tietz.Domenic92@outlook.com:Domenic:Tietz
rafaela_randa94@outlook.com:Rafaela:Randa
FloranceOrender02@hotmail.com:Florance:Orender
Mcelwaine-Twila@outlook.com:Twila:Mcelwaine
vibbard_jeni@outlook.com:Jeni:Vibbard
nolagordo@outlook.com:Nola:Gordo
ValWhitmire94@outlook.com:Val:Whitmire
Anton-Camargo78@hotmail.com:Anton:Camargo
Eheler_Flor92@outlook.com:Flor:Eheler
McdavidMarquis@outlook.com:Marquis:Mcdavid
Lorenzo_Borrello@hotmail.com:Lorenzo:Borrello
donovan.berkey90@outlook.com:Donovan:Berkey
bastedorina@outlook.com:Rina:Bastedo
camie.commerford00@outlook.com:Camie:Commerford
Sonny-Darwich@outlook.com:Sonny:Darwich
lawerence_molander@outlook.com:Lawerence:Molander
asley_todaro@outlook.com:Asley:Todaro
Jackson.Pleppo@outlook.com:Jackson:Pleppo
Shelly_Desrevisseau80@hotmail.com:Shelly:Desrevisseau
Dayrit-Trinity@outlook.com:Trinity:Dayrit
BenserDemetrius@outlook.com:Demetrius:Benser
newton-antinoro93@outlook.com:Newton:Antinoro
Langin.Kimber02@outlook.com:Kimber:Langin
Pamila_Medicine@outlook.com:Pamila:Medicine
Andrson_Ricardo@outlook.com:Ricardo:Andrson
zizzo.minerva86@hotmail.com:Minerva:Zizzo
Dileo-Ty@outlook.com:Ty:Dileo
Winick-Errol94@outlook.com:Errol:Winick
carlene-horde91@outlook.com:Carlene:Horde
errol_alferez@outlook.com:Errol:Alferez
EarleneEtulain@outlook.com:Earlene:Etulain
TimChaloux@outlook.com:Tim:Chaloux
Bobbi-Topacio96@outlook.com:Bobbi:Topacio
flossie-holler@outlook.com:Flossie:Holler
Lahar_Trudy@hotmail.com:Trudy:Lahar
appenzeller.brian91@outlook.com:Brian:Appenzeller
mettille-dudley00@outlook.com:Dudley:Mettille
maibaurer00@outlook.com:Mai:Baurer
segouiaira95@outlook.com:Ira:Segouia
Rudman-My86@hotmail.com:My:Rudman
Chuyangher.Cristina@outlook.com:Cristina:Chuyangher
GilbertTuffin00@outlook.com:Gilbert:Tuffin
jaleesa.mallahan@outlook.com:Jaleesa:Mallahan
Trebesch_Kacey@outlook.com:Kacey:Trebesch
Carlen-Rogelio@hotmail.com:Rogelio:Carlen
leier-alana98@outlook.com:Alana:Leier
olckhart.clinton@outlook.com:Clinton:Olckhart
marlon.rubero91@hotmail.com:Marlon:Rubero
wilbur-rueben@outlook.com:Rueben:Wilbur
leifmarioni02@outlook.com:Leif:Marioni
DrzewieckiEliz92@hotmail.com:Eliz:Drzewiecki
Lorene-Schwarten@outlook.com:Lorene:Schwarten
Royal-Dorough95@outlook.com:Royal:Dorough
Mondry.Danica@outlook.com:Danica:Mondry
jamaal-nonemaker@outlook.com:Jamaal:Nonemaker
Melva_Rosete@outlook.com:Melva:Rosete
Girouard-Marhta81@outlook.com:Marhta:Girouard
glendora-markman90@outlook.com:Glendora:Markman
Reinaldo_Maertens@outlook.com:Reinaldo:Maertens
gus.troxell86@outlook.com:Gus:Troxell
edmundo_kimmins@outlook.com:Edmundo:Kimmins
merissa_seigfried99@outlook.com:Merissa:Seigfried
micklestangela79@outlook.com:Tangela:Mickles
hattie-perrotta98@outlook.com:Hattie:Perrotta
Chu_Vesperas97@outlook.com:Chu:Vesperas
Woodrome_Ellis@hotmail.com:Ellis:Woodrome
RyannGreisiger90@outlook.com:Ryann:Greisiger
odispetrouits87@hotmail.com:Odis:Petrouits
ramon-shetrawski@outlook.com:Ramon:Shetrawski
Elisha_Lillick@outlook.com:Elisha:Lillick
scheeler-nicolasa76@hotmail.com:Nicolasa:Scheeler
yoshihara_genevieve@outlook.com:Genevieve:Yoshihara
boydgarlovsky@outlook.com:Boyd:Garlovsky
Tornquist.Miranda@outlook.com:Miranda:Tornquist
clydecruiz99@hotmail.com:Clyde:Cruiz
devonamodlin@hotmail.com:Devona:Modlin
Wilson_Viesca@outlook.com:Wilson:Viesca
Isaacks_Kaley@outlook.com:Kaley:Isaacks
PaszkiewiczLarraine02@outlook.com:Larraine:Paszkiewicz
LaquandaZajicek@outlook.com:Laquanda:Zajicek
Jaleesa.Stiegman@outlook.com:Jaleesa:Stiegman
Carolla.Lanette@outlook.com:Lanette:Carolla
conway_long99@outlook.com:Long:Conway
Ordiway-Loree@outlook.com:Loree:Ordiway
Georgeanna.Soders@outlook.com:Georgeanna:Soders
drizin.demarcus92@outlook.com:Demarcus:Drizin
ShandaJabaut@hotmail.com:Shanda:Jabaut
Eunice.Markins@outlook.com:Eunice:Markins
Newton.Cutsforth@outlook.com:Newton:Cutsforth
hubertpitarresi@outlook.com:Hubert:Pitarresi
hansteen.teofila@outlook.com:Teofila:Hansteen
Aldo.Welshans@outlook.com:Aldo:Welshans
francesco.miazga@hotmail.com:Francesco:Miazga
woodandbennie@hotmail.com:Bennie:Woodand
Roots-Patty@outlook.com:Patty:Roots
EmikoCarl97@outlook.com:Emiko:Carl
Kelley.Furtick@outlook.com:Kelley:Furtick
Bucio.Juanita@outlook.com:Juanita:Bucio
Edmund.Bermel@hotmail.com:Edmund:Bermel
coar_florentina96@outlook.com:Florentina:Coar
AranaTim00@outlook.com:Tim:Arana
abe_jaquins@hotmail.com:Abe:Jaquins
Brock_Tarrence@outlook.com:Brock:Tarrence
schutzenhofer.chet@outlook.com:Chet:Schutzenhofer
takako_hocking@outlook.com:Takako:Hocking
kurtis_gartz@outlook.com:Kurtis:Gartz
Pecinousky.Rupert91@outlook.com:Rupert:Pecinousky
dedoetsuko@outlook.com:Etsuko:Dedo
Cinthia_Musser02@outlook.com:Cinthia:Musser
nicolasjoulwan@outlook.com:Nicolas:Joulwan
Pitarresi.Asa@hotmail.com:Asa:Pitarresi
deeanna_boggan@outlook.com:Deeanna:Boggan
Hebda.Carly@outlook.com:Carly:Hebda
Una-Holsinger@hotmail.com:Una:Holsinger
sandy_girvin94@outlook.com:Sandy:Girvin
deidra-spikes93@outlook.com:Deidra:Spikes
Will_Seppi@hotmail.com:Will:Seppi
thaller_matt@outlook.com:Matt:Thaller
goo-jeramy@outlook.com:Jeramy:Goo
Harley.Deshaies@hotmail.com:Harley:Deshaies
tarsha.molina91@outlook.com:Tarsha:Molina
mellis-kellye@outlook.com:Kellye:Mellis
Ferdinand_Vidrine@outlook.com:Ferdinand:Vidrine
Andre.Helmes@outlook.com:Andre:Helmes
donnalley_idella@outlook.com:Idella:Donnalley
lindall.nicky96@hotmail.com:Nicky:Lindall
Easterwood_Nicky@outlook.com:Nicky:Easterwood
rustin_marilou@outlook.com:Marilou:Rustin
demairemarine83@outlook.com:Marine:Demaire
Centorino.Spring@outlook.com:Spring:Centorino
looker-andreas@outlook.com:Andreas:Looker
Fallen.Layne@hotmail.com:Layne:Fallen
brice.babula94@outlook.com:Brice:Babula
Claud-Beyal95@outlook.com:Claud:Beyal
BirdowHallie00@hotmail.com:Hallie:Birdow
Katrina_Kirkness95@outlook.com:Katrina:Kirkness
Danyel-Gosson@outlook.com:Danyel:Gosson
Krystin-Greb99@outlook.com:Krystin:Greb
Mugrage_Dennis97@outlook.com:Dennis:Mugrage
BrittaSwearngen@outlook.com:Britta:Swearngen
hosking-alton00@outlook.com:Alton:Hosking
lory-rodney87@outlook.com:Rodney:Lory
Janella-Loomer@outlook.com:Janella:Loomer
vannessaseaburn@hotmail.com:Vannessa:Seaburn
kimbra.borgelt@outlook.com:Kimbra:Borgelt
mavis-rances90@outlook.com:Mavis:Rances
slaymaker.roselia@outlook.com:Roselia:Slaymaker
EllanRison@outlook.com:Ellan:Rison
wooleyhan-jewell@hotmail.com:Jewell:Wooleyhan
dalton_manganelli92@outlook.com:Dalton:Manganelli
quintaniatanesha96@outlook.com:Tanesha:Quintania
euler-marisha98@outlook.com:Marisha:Euler
pavelich.alden93@outlook.com:Alden:Pavelich
tuan.schwieger00@hotmail.com:Tuan:Schwieger
Guecho.Veronika@outlook.com:Veronika:Guecho
Shalon-Wendeln@outlook.com:Shalon:Wendeln
maurolansey84@hotmail.com:Mauro:Lansey
dobiesannice@hotmail.com:Annice:Dobies
negronnumbers@outlook.com:Numbers:Negron
Genuario_Fae@outlook.com:Fae:Genuario
ZipkinDarcel@outlook.com:Darcel:Zipkin
Angelina-Earenfight@outlook.com:Angelina:Earenfight
PridgenCarlos@outlook.com:Carlos:Pridgen
Augustus.Jurgensen@outlook.com:Augustus:Jurgensen
soloway.mitch@outlook.com:Mitch:Soloway
rosalind-tamulis77@hotmail.com:Rosalind:Tamulis
mcelreath-sindy@outlook.com:Sindy:Mcelreath
kathleen.degunya97@outlook.com:Kathleen:Degunya
LawlerAnabel90@outlook.com:Anabel:Lawler
Capwell-Ben02@outlook.com:Ben:Capwell
darylrials@outlook.com:Daryl:Rials
dretzkacorine@outlook.com:Corine:Dretzka
Lechner.Sarah98@outlook.com:Sarah:Lechner
Maxwell-Reedy81@outlook.com:Maxwell:Reedy
Kyle-Zenke@outlook.com:Kyle:Zenke
Rosenda-Wain96@outlook.com:Rosenda:Wain
cinda_murello@outlook.com:Cinda:Murello
CacciolaTressa@hotmail.com:Tressa:Cacciola
Wisneski_Leon98@outlook.com:Leon:Wisneski
mitchelohaver02@outlook.com:Mitchel:Ohaver
beiswanger_lonny@hotmail.com:Lonny:Beiswanger
TrudyEary@outlook.com:Trudy:Eary
Millison-Floretta@outlook.com:Floretta:Millison
tadman-alanna@hotmail.com:Alanna:Tadman
Whitwell.Stephaine@outlook.com:Stephaine:Whitwell
Tereasa-Leyendecker@outlook.com:Tereasa:Leyendecker
Wallinger-Micheal88@hotmail.com:Micheal:Wallinger
pharr.sheldon@outlook.com:Sheldon:Pharr
Herschel.Gedeon97@outlook.com:Herschel:Gedeon
Denis-Gitelman79@hotmail.com:Denis:Gitelman
Fowlkes_Willia@outlook.com:Willia:Fowlkes
ling.bortz@outlook.com:Ling:Bortz
guffin_karl@outlook.com:Karl:Guffin
colom.joanna@outlook.com:Joanna:Colom
Geraldo_Monserrate01@outlook.com:Geraldo:Monserrate
Maxwell_Popelka77@hotmail.com:Maxwell:Popelka
Myrtle-Tejera98@outlook.com:Myrtle:Tejera
browm_eddy@outlook.com:Eddy:Browm
Luellen_Ethel@outlook.com:Ethel:Luellen
rumfordshakira@outlook.com:Shakira:Rumford
drozglennis96@outlook.com:Glennis:Droz
Francesco_Sudberry@outlook.com:Francesco:Sudberry
Herbert_Romona90@outlook.com:Romona:Herbert
Lupe-Keslar@outlook.com:Lupe:Keslar
Beik.Louvenia76@hotmail.com:Louvenia:Beik
Northcott.Lizette01@outlook.com:Lizette:Northcott
rollow-laurence@hotmail.com:Laurence:Rollow
ariel_strople@outlook.com:Ariel:Strople
darron-labeau94@outlook.com:Darron:Labeau
sallings-vicky90@outlook.com:Vicky:Sallings